rowID,studyID,arm_id,arm_des,data_source,abstractor,country,city,special_pop_description,special_pop,pub_year,author,doi,sample_collection_startyear,sample_collection_startmo,sample_collection_endyear,sample_collection_endmo,pop_vac,age_min,age_max,isolate_type,isolate_col,method_1,method_2,criteria,criteria_specify,drug_class,drug,total_isolates_drug,no_ns,no_res,no_int,no_sus,perc_ns,perc_res,perc_int,perc_sus,serotype data?
1,5001,a,Argentinia,,K,Argentina,,,,2008,Cardoso,10.1136/adc.2006.111625,1998,July,2002,December,,0.25,4.9,1,2,3,,1,,,Penicillin,93,47,15,32,46,,,,,0
1,5001,b,Brazil,,K,Brazil,,,,2008,Cardoso,10.1136/adc.2006.111625,1998,July,2002,December,,0.25,4.9,1,2,3,,1,,,Penicillin,84,28,8,20,56,,,,,0
1,5001,c,Dominican Republic,,K,Dominican Republic,,,,2008,Cardoso,10.1136/adc.2006.111625,1998,July,2002,December,,0.25,4.9,1,2,3,,1,,,Penicillin,63,45,33,12,18,,,,,0
2,5002,,,,K,Burkina Faso,,,,2009,Bere,10.3923/pjbs.2009.1282.1286,2000,September,2001,June,,0.17,2,0,1,1,,1,NCCLS,,Amoxacillin,232,58,58,,,,25,,,0
2,5002,,,,K,Burkina Faso,,,,2009,Bere,10.3923/pjbs.2009.1282.1286,2000,September,2001,June,,0.17,2,0,1,1,,1,NCCLS,,Ceftriaxone,232,16,16,,,,6.74,,,0
2,5002,,,,K,Burkina Faso,,,,2009,Bere,10.3923/pjbs.2009.1282.1286,2000,September,2001,June,,0.17,2,0,1,1,,1,NCCLS,,Tetracycline,232,152,152,,,,65.3,,,0
2,5002,,,,K,Burkina Faso,,,,2009,Bere,10.3923/pjbs.2009.1282.1286,2000,September,2001,June,,0.17,2,0,1,1,,1,NCCLS,,Cotrimoxazole,232,74,74,,,,31.7,,,0
2,5002,,,,K,Burkina Faso,,,,2009,Bere,10.3923/pjbs.2009.1282.1286,2000,September,2001,June,,0.17,2,0,1,1,,1,NCCLS,,Erythromycin,232,14,14,,,,6.1,,,0
3,5003,,,,K,Bangladesh,,,,2009,Arifeen,10.1086/596543,2004,July,2007,June,,0.08,4.9,1,2,2,,1,NCCLS,,SXT,26,0,0,0,26,,,,,0
3,5003,,,,K,Bangladesh,,,,2009,Arifeen,10.1086/596543,2004,July,2007,June,,0.08,4.9,1,2,2,,1,NCCLS,,Penicillin,26,4,0,4,22,,,,,0
4,5004,,,,K,Bangladesh,,,,2009,Saha,10.1086/596544,2004,May,2007,May,,0,5,1,2,1,2,1,,,Penicillin,139,6,,,,4,,,,0
4,5004,,,,K,Bangladesh,,,,2009,Saha,10.1086/596544,2004,May,2007,May,,0,5,1,2,1,2,1,,,SXT,139,100,,,,72,,,,0
5,5005,a,pre-PCV,,K,United States ,,,,2009,Karnezis,10.1371/journal.pone.0005965,1995,,1999,,,0,18,1,2,1,,1,,,Penicillin,164,45,,,,,,,,0
5,5005,b,post-PCV,,K,United States ,,,,2009,Karnezis,10.1371/journal.pone.0005965,2002,,2006,,,0,18,1,2,1,,1,,,Penicillin,73,36,,,,,,,,0
6,5006,a,pre-PCV,,K,Austria,,,,2009,Rendi-Wagner,10.1016/j.vaccine.2009.04.044,2001,February,2004,October,,0,5,1,2,6,,1,,,Penicillin,117,0,0,,,,,,,1
6,5006,a,pre-PCV,,K,Austria,,,,2009,Rendi-Wagner,10.1016/j.vaccine.2009.04.044,2001,February,2004,October,,0,5,1,2,6,,1,,,Erythromycin,117,20,20,,,,,,,1
6,5006,a,pre-PCV,,K,Austria,,,,2009,Rendi-Wagner,10.1016/j.vaccine.2009.04.044,2001,February,2004,October,,0,5,1,2,6,,1,,,Ceftriaxone,117,1,1,,,,,,,1
6,5006,b,post-PCV,,K,Austria,,,,2009,Rendi-Wagner,10.1016/j.vaccine.2009.04.044,2004,November,2007,January ,,0,5,1,2,6,,1,,,Penicillin,55,2,2,,,,,,,1
6,5006,b,post-PCV,,K,Austria,,,,2009,Rendi-Wagner,10.1016/j.vaccine.2009.04.044,2004,November,2007,January ,,0,5,1,2,6,,1,,,Erythromycin,55,19,19,,,,,,,1
6,5006,b,post-PCV,,K,Austria,,,,2009,Rendi-Wagner,10.1016/j.vaccine.2009.04.044,2004,November,2007,January ,,0,5,1,2,6,,1,,,Ceftriaxone,55,1,1,,,,,,,1
7,5007,,,,K,Singapore,,,,2008,Chong,10.1016/j.vaccine.2008.04.035,1997,,2004,,,0,5,1,2,1,,1,,,Penicillin,147,67,45,22,,46,31,15,,0
7,5007,,,,K,Singapore,,,,2008,Chong,10.1016/j.vaccine.2008.04.035,1997,,2004,,,0,5,1,2,1,,1,,,Ceftriaxone,147,22,1,21,,15,0.75,14.3,,0
7,5007,,,,K,Singapore,,,,2008,Chong,10.1016/j.vaccine.2008.04.035,1997,,2004,,,0,5,1,2,1,,1,,,Erythromycin,147,91,,,,62,,,,0
7,5007,,,,K,Singapore,,,,2008,Chong,10.1016/j.vaccine.2008.04.035,1997,,2004,,,0,5,1,2,1,,1,,,SXT,147,99,,,,67,,,,0
8,5008,,,,K,Iran,,,,2019,Gharibani,PMID: 32440299,2015,,2015,,,0,6,0,1,1,2,1,,,Erythromycin,43,32,32,0,11,,,,,0
8,5008,,,,K,Iran,,,,2019,Gharibani,PMID: 32440299,2015,,2015,,,0,6,0,1,1,2,1,,,Tetracycline,43,18,18,0,31,,,,,0
8,5008,,,,K,Iran,,,,2019,Gharibani,PMID: 32440299,2015,,2015,,,0,6,0,1,1,2,1,,,SXT,43,36,35,1,7,,,,,0
8,5008,,,,K,Iran,,,,2019,Gharibani,PMID: 32440299,2015,,2015,,,0,6,0,1,1,2,1,,,Penicillin,43,41,41,0,2,,,,,0
9,5009,,,,K,Spain,,,,2008,Perez,10.1007/s10096-008-0498-2,2000,,2004,,,0,13,1,2,4,,1,,,Penicillin,117,45,,,,,,,,0
9,5009,,,,K,Spain,,,,2008,Perez,10.1007/s10096-008-0498-2,2000,,2004,,,0,13,1,2,4,,1,,,Erythromycin,117,40,,,,,,,,0
10,5010,,,,K,Slovenia,,,,2008,Kastrin,10.1093/jac/dkn202,1998,,2007,,,0,14,1,2,1,,1,,,Erythromycin,399,60,60,,,,,,,0
11,5011,,,,K,Taiwan,,,,2007,Chen,10.1016/j.diagmicrobio.2007.05.012,2011,November,2002,June,,3,4,0,1,2,,1,,,Penicillin,43,32,12,20,11,,,,,0
11,5011,,,,K,Taiwan,,,,2007,Chen,10.1016/j.diagmicrobio.2007.05.012,2011,November,2002,June,,3,4,0,1,2,,1,,,Ceftriaxone,43,19,0,19,24,,,,,0
11,5011,,,,K,Taiwan,,,,2007,Chen,10.1016/j.diagmicrobio.2007.05.012,2011,November,2002,June,,3,4,0,1,2,,1,,,Erythromycin,43,43,42,1,0,,,,,0
12,5012,,,,K,Nigeria,,,,2009,Falade,10.1086/596500,2005,February,2007,June,,2,5,1,2,6,,1,,,Penicillin,11,0,,,,,,,,0
12,5012,,,,K,Nigeria,,,,2009,Falade,10.1086/596500,2005,February,2007,June,,2,5,1,2,6,,1,,,Cefotaxime,11,0,,,,,,,,0
12,5012,,,,K,Nigeria,,,,2009,Falade,10.1086/596500,2005,February,2007,June,,2,5,1,2,6,,1,,,Erythromycin,11,0,,,,,,,,0
12,5012,,,,K,Nigeria,,,,2009,Falade,10.1086/596500,2005,February,2007,June,,2,5,1,2,6,,1,,,Tetracycline,11,11,0,11,,,,,,0
12,5012,,,,K,Nigeria,,,,2009,Falade,10.1086/596500,2005,February,2007,June,,2,5,1,2,6,,1,,,SXT,11,11,11,0,,,,,,0
13,5013,a,invasive,,K,Italy,,,,2008,Montagnani,10.1016/j.jinf.2007.12.002,1992,,2006,,,0,15,1,2,1,2,3,,,Penicillin,334,41,,,,12.3,,,,0
13,5013,b,carriage,,K,Italy,,,,2008,Montagnani,10.1016/j.jinf.2007.12.002,1992,,2006,,,0,15,0,1,1,2,3,,,Penicillin,306,24,,,,7.8,,,,0
13,5013,a,invasive,,K,Italy,,,,2008,Montagnani,10.1016/j.jinf.2007.12.002,1992,,2006,,,0,15,1,2,1,2,3,,,Erythromycin,334,32,,,,9.5,,,,0
13,5013,b,carriage,,K,Italy,,,,2008,Montagnani,10.1016/j.jinf.2007.12.002,1992,,2006,,,0,15,0,1,1,2,3,,,Erythromycin,306,111,,,,36,,,,0
14,5014,,,,K,Japan,,,,2013,Sakata,10.11150/kansenshogakuzasshi.87.1,2006,,2011,,,0,6,1,2,1,,1,,,Penicillin,76,67,32,35,,,,,,0
15,5015,,,,K,China,,,,2008,Liu,10.1016/j.diagmicrobio.2008.02.004,2005,January,2006,December,,0,4,1,2,4,,3,,,Penicillin,31,23,17,6,,72.4,55.2,17.2,,0
15,5015,,,,K,China,,,,2008,Liu,10.1016/j.diagmicrobio.2008.02.004,2005,January,2006,December,,0,4,1,2,4,,3,,,Ceftriaxone,31,12,5,7,,38.3,16.1,22.2,,0
15,5015,,,,K,China,,,,2008,Liu,10.1016/j.diagmicrobio.2008.02.004,2005,January,2006,December,,0,4,1,2,4,,3,,,Erythromycin,31,30,30,0,,96.6,96.6,0,,0
15,5015,,,,K,China,,,,2008,Liu,10.1016/j.diagmicrobio.2008.02.004,2005,January,2006,December,,0,4,1,2,4,,3,,,SXT,31,28,27,1,,86.2,82.8,3.4,,0
15,5015,,,,K,China,,,,2008,Liu,10.1016/j.diagmicrobio.2008.02.004,2005,January,2006,December,,0,4,1,2,4,,3,,,Tetracycline,31,31,30,1,,100,96.6,3.4,,0
16,5016,,,,K,Norway,,,,2008,Brauteset,PMID: 18552897,1998,,2004,,,0,16,1,2,7,,4,,,Penicillin,68,1,,,67,,,,,0
16,5016,,,,K,Norway,,,,2008,Brauteset,PMID: 18552897,1998,,2004,,,0,16,1,2,7,,4,,,Erythromycin,68,13,,,,,,,,0
17,5017,,,,K,Uganda,,,,2007,Blossom,10.1089/mdr.2006.9993,1995,,1995,,,0,3,0,1,4,,4,,,Penicillin,113,88,,88,25,,,,,1
18,5018,,,,K,Chile,,,,2009,Castaneda ,10.1097/INF.0b013e3181a74b22,2000,,2005,,,0,18,1,2,3,1,1,,,Penicillin,8756,3310,1375,1935,5446,37.8,15.7,22.1,62.2,1
19,5019,,,,K,Uganda,,,,2008,Nantanda,10.1179/146532808X375404,2005,,2006,,,0,3,1,2,1,,1,,,Ceftriaxone,53,0,,,,0,,,100,0
19,5019,,,,K,Uganda,,,,2008,Nantanda,10.1179/146532808X375404,2005,,2006,,,0,3,1,2,1,,1,,,Erythromycin,53,1,,,,2.6,,,97.4,0
19,5019,,,,K,Uganda,,,,2008,Nantanda,10.1179/146532808X375404,2005,,2006,,,0,3,1,2,1,,1,,,Ampicillin,53,12,,,,23.1,,,76.9,0
20,5020,,,,K,Mexico,,,,2008,Villasenor-Sierra,10.1590/s0036-36342008000400012,2000,March,2005,May,,0,13,0,1,1,,1,,,Erythromycin,50,19,15,4,,,30,8,62,1
20,5020,,,,K,Mexico,,,,2008,Villasenor-Sierra,10.1590/s0036-36342008000400012,2000,March,2005,May,,0,13,0,1,1,,1,,,SXT,50,32,28,4,,,56,8,36,1
21,5021,,,,K,France,,,,2009,Dortet,10.1016/j.diagmicrobio.2009.05.009,2007,,2007,,,0,14,1,2,4,1,3,Comite de l'Antibiogramme de la Societe Francaise de Microbiologie,,Penicillin,59,23,,,,38.8,,,61.2,1
21,5021,,,,K,France,,,,2009,Dortet,10.1016/j.diagmicrobio.2009.05.009,2007,,2007,,,0,14,1,2,4,1,3,Comite de l'Antibiogramme de la Societe Francaise de Microbiologie,,Cefotaxime,59,5,,,,8.1,,,91.9,1
21,5021,,,,K,France,,,,2009,Dortet,10.1016/j.diagmicrobio.2009.05.009,2007,,2007,,,0,14,1,2,4,1,3,Comite de l'Antibiogramme de la Societe Francaise de Microbiologie,,Erythromycin,59,26,,,,43.5,,,56.5,1
22,5022,,,,K,Turkey,Istanbul,,,2009,Cekmez,PMID: 23675125,2007,January,2008,January,,0,12,0,1,1,,1,,,Penicillin,25,0,0,0,25,,,,,0
23,5023,,,,K,Iceland,,,,2008,Arnason,PMID: 18591727,1994,September,2005,March,,0,18,1,2,7,,4,,,Erythromycin,272,,,,,,19,,,0
24,5024,,,,K,Uruguay,,,,2008,Garcia,10.1157/13125812,1998,January,2005,December,,0,2,1,2,7,,4,,,Penicillin,168,78,,,90,,,,,0
25,5025,,,,K,New Zealand,,,,2008,Heffernan,10.1017/S0950268807008588,1998,,2005,,,0,5,1,2,2,,1,,,Penicillin,2132,405,139,,,19,7,,,0
25,5025,,,,K,New Zealand,,,,2008,Heffernan,10.1017/S0950268807008588,1998,,2005,,,0,5,1,2,2,,1,,,Ceftoxamine,2132,256,43,,,12,2,,,0
25,5025,,,,K,New Zealand,,,,2008,Heffernan,10.1017/S0950268807008588,1998,,2005,,,0,5,1,2,2,,1,,,SXT,2132,938,938,,,,44,,,0
25,5025,,,,K,New Zealand,,,,2008,Heffernan,10.1017/S0950268807008588,1998,,2005,,,0,5,1,2,2,,1,,,Tetracycline,2132,191,191,,,,9,,,0
26,5026,,,,K,Argentina,,,,2009,Corsco,PMID: 19391523,1993,,2001,,,0,6,1,2,4,,1,,,Erythromycin,1499,50,50,,,,,,,0
27,5027,a,period1- invasive,,K,Greece,,,,2008,Daikos,10.1016/j.diagmicrobio.2007.10.020,1985,,1996,,,0,18,1,2,4,1,1,,,Erythromycin,146,8,8,,,,5,,,0
27,5027,b,period1- noninvasive,,K,Greece,,,,2008,Daikos,10.1016/j.diagmicrobio.2007.10.020,1985,,1996,,,0,18,0,1,4,1,1,,,Erythromycin,44,5,5,,,,11,,,0
27,5027,c,period2- invasive,,K,Greece,,,,2008,Daikos,10.1016/j.diagmicrobio.2007.10.020,1997,,2000,,,0,18,1,2,4,1,1,,,Erythromycin,76,16,16,,,,21,,,0
27,5027,d,period2- noninvaisve,,K,Greece,,,,2008,Daikos,10.1016/j.diagmicrobio.2007.10.020,1997,,2000,,,0,18,0,1,4,1,1,,,Erythromycin,78,30,30,,,,38,,,0
27,5027,e,period3- invasive,,K,Greece,,,,2008,Daikos,10.1016/j.diagmicrobio.2007.10.020,2001,,2004,,,0,18,1,2,4,1,1,,,Erythromycin,156,64,64,,,,41,,,0
27,5027,f,period3- noninvasive ,,K,Greece,,,,2008,Daikos,10.1016/j.diagmicrobio.2007.10.020,2001,,2004,,,0,18,0,1,4,1,1,,,Erythromycin,103,72,72,,,,70,,,0
28,5028,,,,K,Canada,,,,2008,Winters,10.1007/BF03403742,2002,,2005,,,0,15,1,2,3,,1,,,Penicillin,239,34,,,,14,,,,0
28,5028,,,,K,Canada,,,,2008,Winters,10.1007/BF03403742,2002,,2005,,,0,15,1,2,3,,1,,,Erythromycin,239,36,,,,15,,,,0
28,5028,,,,K,Canada,,,,2008,Winters,10.1007/BF03403742,2002,,2005,,,0,15,1,2,3,,1,,,SXT,239,55,,,,23,,,,0
29,5029,,,,K,Italy,,,,2007,Pagliano,10.1111/j.1574-695X.2007.00324.x,1997,,2005,,,0,18,1,2,2,,1,,,Penicillin,64,10,2,8,,,,,,0
29,5029,,,,K,Italy,,,,2007,Pagliano,10.1111/j.1574-695X.2007.00324.x,1997,,2005,,,0,18,1,2,2,,1,,,Erythromycin,64,21,21,0,,,,,,0
30,5030,,,,K,Pakistan,,,,2009,Zaidi,10.1086/596491,2005,May,2006,May,,0,5,1,2,1,2,1,,,Penicillin,15,4,0,4,,26,0,26,,0
30,5030,,,,K,Pakistan,,,,2009,Zaidi,10.1086/596491,2005,May,2006,May,,0,5,1,2,1,2,1,,,Ceftriaxone,15,6,0,6,,40,0,40,,0
30,5030,,,,K,Pakistan,,,,2009,Zaidi,10.1086/596491,2005,May,2006,May,,0,5,1,2,1,2,1,,,SXT,15,14,14,0,,93,93,,,0
30,5030,,,,K,Pakistan,,,,2009,Zaidi,10.1086/596491,2005,August,2006,August,,0,5,1,2,1,2,1,,,Tetracycline,15,11,11,0,,72,72,,,0
31,5031,,,,K,Cameroon,,,,2008,Ndip,10.3329/jhpn.v26i4.1881,2004,October,2005,July,,0,21,0,1,1,,4,,,Penicillin,30,,30,,0,,,,,0
31,5031,,,,K,Cameroon,,,,2008,Ndip,10.3329/jhpn.v26i4.1881,2004,October,2005,July,,0,21,0,1,1,,4,,,Erythromycin,30,,9,,21,,,,,0
31,5031,,,,K,Cameroon,,,,2008,Ndip,10.3329/jhpn.v26i4.1881,2004,October,2005,July,,0,21,0,1,1,,4,,,SXT,30,,21,,9,,,,,0
31,5031,,,,K,Cameroon,,,,2008,Ndip,10.3329/jhpn.v26i4.1881,2004,October,2005,July,,0,21,0,1,1,,4,,,Cefuroxime ,30,,5,,25,,,,,0
32,5032,,,,K,Canada,,,,2007,Bettinger,10.1007/BF03404320,1998,,2003,,,0,5,1,2,7,,1,NCCLS,,Penicillin,1870,303,118,185,,,,,,1
33,5033,a,pre-vaccine period,,K,Spain,,,,2008,Munoz-Almagro,10.1086/524660,1997,,2001,,,0,4,1,2,4,,1,,,Penicillin,58,28,10,18,30,,,,,0
33,5033,a,pre-vaccine period,,K,Spain,,,,2008,Munoz-Almagro,10.1086/524660,1997,,2001,,,0,4,1,2,4,,1,,,Cefotaxime,58,15,3,12,43,,,,,0
33,5033,a,pre-vaccine period,,K,Spain,,,,2008,Munoz-Almagro,10.1086/524660,1997,,2001,,,0,4,1,2,4,,1,,,Erythromycin,58,26,25,1,32,,,,,0
33,5033,a,pre-vaccine period,,K,Spain,,,,2008,Munoz-Almagro,10.1086/524660,1997,,2001,,,0,4,1,2,4,,1,,,Tetracycline,58,26,24,2,32,,,,,0
33,5033,b,post-vaccine period,,K,Spain,,,,2008,Munoz-Almagro,10.1086/524660,2002,,2006,,,0,4,1,2,4,,1,,,Penicillin,140,38,8,30,102,,,,,0
33,5033,b,post-vaccine period,,K,Spain,,,,2008,Munoz-Almagro,10.1086/524660,2002,,2006,,,0,4,1,2,4,,1,,,Cefotaxime,140,17,4,13,123,,,,,0
33,5033,b,post-vaccine period,,K,Spain,,,,2008,Munoz-Almagro,10.1086/524660,2002,,2006,,,0,4,1,2,4,,1,,,Erythromycin,140,34,34,0,106,,,,,0
33,5033,b,post-vaccine period,,K,Spain,,,,2008,Munoz-Almagro,10.1086/524660,2002,,2006,,,0,4,1,2,4,,1,,,Tetracycline,140,33,33,0,107,,,,,0
34,5034,a,pre vaccine,,K,Spain,,,,2009,Perez-Trallero,10.1007/s10096-008-0693-1,1996,,2001,,,0,5,1,2,3,,1,,,Penicillin,46,,21,,,,45.6,,,0
34,5034,b,post vaccine,,K,Spain,,,,2009,Perez-Trallero,10.1007/s10096-008-0693-1,2002,,2007,,,0,5,1,2,3,,1,,,Penicillin,45,,9,,,,18.6,,,0
35,5035,a,2000,,K,United States ,,,,2008,Park,10.1097/INF.0b013e318161434d,2000,,2000,,,0,6,0,1,2,4,1,,,Penicillin,171,100,39,61,,,,,,1
35,5035,b,2004,,K,United States ,,,,2008,Park,10.1097/INF.0b013e318161434d,2004,,2004,,,0,6,0,1,2,4,1,,,Penicillin,184,96,28,68,,,,,,1
35,5035,a,2000,,K,United States ,,,,2008,Park,10.1097/INF.0b013e318161434d,2000,,2000,,,0,6,0,1,2,4,1,,,SXT,171,76,58,18,,,,,,1
35,5035,b,2004,,K,United States ,,,,2008,Park,10.1097/INF.0b013e318161434d,2004,,2004,,,0,6,0,1,2,4,1,,,SXT,184,30,22,8,,,,,,1
36,5036,,,,K,Turkey,,,,2008,Abut,PMID: 18843890,2004,November,2005,June,,1,6,0,1,1,,1,,,Penicillin,25,7,,,,,,,,0
36,5036,,,,K,Turkey,,,,2008,Abut,PMID: 18843890,2004,November,2005,June,,1,6,0,1,1,,1,,,SXT,25,5,,,,,,,,0
36,5036,,,,K,Turkey,,,,2008,Abut,PMID: 18843890,2004,November,2005,June,,1,6,0,1,1,,1,,,Tetracycline,25,2,,,,,,,,0
37,5037,a,1999,,K,United States ,,,,2007,Messina,10.1097/INF.0b013e31805cdbeb,1999,,1999,,,0,17,1,2,2,3,1,,,Penicillin,71,36,,,,,,,,1
37,5037,b,2005,,K,United States ,,,,2007,Messina,10.1097/INF.0b013e31805cdbeb,2005,,2005,,,0,17,1,2,2,3,1,,,Penicillin,50,24,,,,,,,,1
37,5037,a,1999,,K,United States ,,,,2007,Messina,10.1097/INF.0b013e31805cdbeb,1999,,1999,,,0,17,1,2,2,3,1,,,Cefotaxime,71,3,,,,,,,,1
37,5037,b,2005,,K,United States ,,,,2007,Messina,10.1097/INF.0b013e31805cdbeb,2005,,2005,,,0,17,1,2,2,3,1,,,Cefotaxime,50,5,,,,,,,,1
38,5038,a,2001,,K,Portugal,,,,2009,Sa-Leao,10.1111/j.1469-0691.2009.02775.x,2001,,2001,,,0,6,0,1,2,,1,,,Penicillin,465,111,11,100,,23.7,2.2,21.5,,1
38,5038,a,2001,,K,Portugal,,,,2009,Sa-Leao,10.1111/j.1469-0691.2009.02775.x,2001,,2001,,,0,6,0,1,2,,1,,,Ceftriaxone,465,0,0,0,,0,0,0,100,1
38,5038,a,2001,,K,Portugal,,,,2009,Sa-Leao,10.1111/j.1469-0691.2009.02775.x,2001,,2001,,,0,6,0,1,2,,1,,,Erythromycin,465,122,122,0,,26.2,26.2,0,,1
38,5038,a,2001,,K,Portugal,,,,2009,Sa-Leao,10.1111/j.1469-0691.2009.02775.x,2001,,2001,,,0,6,0,1,2,,1,,,Tetracycline,465,107,104,3,,23,22.4,0.6,,1
38,5038,a,2001,,K,Portugal,,,,2009,Sa-Leao,10.1111/j.1469-0691.2009.02775.x,2001,,2001,,,0,6,0,1,2,,1,,,SXT,465,119,110,9,,25.6,23.7,1.9,,1
38,5038,b,2006,,K,Portugal,,,,2009,Sa-Leao,10.1111/j.1469-0691.2009.02775.x,2006,,2006,,,0,6,0,1,2,,1,,,Penicillin,392,87,7,80,,22,1.8,20.2,,1
38,5038,b,2006,,K,Portugal,,,,2009,Sa-Leao,10.1111/j.1469-0691.2009.02775.x,2006,,2006,,,0,6,0,1,2,,1,,,Ceftriaxone,392,0,0,0,,0,0,0,100,1
38,5038,b,2006,,K,Portugal,,,,2009,Sa-Leao,10.1111/j.1469-0691.2009.02775.x,2006,,2006,,,0,6,0,1,2,,1,,,Erythromycin,392,93,92,1,,23.8,23.5,0.3,76.2,1
38,5038,b,2006,,K,Portugal,,,,2009,Sa-Leao,10.1111/j.1469-0691.2009.02775.x,2006,,2006,,,0,6,0,1,2,,1,,,Tetracycline,392,72,67,5,,18.4,17.1,1.3,,1
38,5038,b,2006,,K,Portugal,,,,2009,Sa-Leao,10.1111/j.1469-0691.2009.02775.x,2006,,2006,,,0,6,0,1,2,,1,,,SXT,392,47,43,4,,12,11,1,,1
39,5039,a,pre vax,,K,Spain,,,,2007,Aristegui,10.1007/s10096-007-0294-4,1998,May,2001,May,,0,5,1,2,7,,1,,,Penicillin,171,82,,,,47.9,,,,0
39,5039,b,post-vax,,K,Spain,,,,2007,Aristegui,10.1007/s10096-007-0294-4,2001,June,2003,May,,0,5,1,2,7,,1,,,Penicillin,106,21,,,,20,,,,0
40,5040,,,,K,Croatia,,,,2008,Guzvinec,PMID: 19043375,2005,,2006,,,0,13,1,2,2,,1,,,Penicillin,100,20,0,20,,,,,,1
40,5040,,,,K,Croatia,,,,2008,Guzvinec,PMID: 19043375,2005,,2006,,,0,13,1,2,2,,1,,,Erythromycin,74,25,25,,,,,,,1
40,5040,,,,K,Croatia,,,,2008,Guzvinec,PMID: 19043375,2005,,2006,,,0,13,1,2,2,,1,,,Ceftriaxone,100,0,0,,,,,,,1
41,5041,,,,K,Japan,Sado Island,,,2009,Otsuka,10.1097/INF.0b013e3181880448,2002,,2004,,,0,18,0,1,2,,1,,,Penicillin,230,179,56,123,,,,,,0
41,5041,,,,K,Japan,Sado Island,,,2009,Otsuka,10.1097/INF.0b013e3181880448,2002,,2004,,,0,18,0,1,2,,1,,,Erythromycin,230,185,185,,,,,,,0
42,5042,,,,K,Germany,,,,2007,Reinert,10.1111/j.1469-0691.2006.01676.x,1997,,2004,,,0,16,1,2,3,,1,,,Penicillin,1517,94,17,77,1423,,,,,1
42,5042,,,,K,Germany,,,,2007,Reinert,10.1111/j.1469-0691.2006.01676.x,1997,,2004,,,0,16,1,2,3,,1,,,Cefotaxime,1517,12,3,9,1505,,,,,1
42,5042,,,,K,Germany,,,,2007,Reinert,10.1111/j.1469-0691.2006.01676.x,1997,,2004,,,0,16,1,2,3,,1,,,Erythromycin,1517,362,359,3,1155,,,,,1
43,5043,,,,K,Guatemala,,,,2007,Dueger,10.1016/j.ijid.2007.09.001,2001,,2006,,,0,5,0,1,2,,1,,,SXT,554,347,177,,,,,,,1
43,5043,,,,K,Guatemala,,,,2007,Dueger,10.1016/j.ijid.2007.09.001,2001,,2006,,,0,5,0,1,2,,1,,,Penicillin,554,149,62,,,,,,,1
43,5043,,,,K,Guatemala,,,,2007,Dueger,10.1016/j.ijid.2007.09.001,2001,,2006,,,0,5,0,1,2,,1,,,Erythromycin,554,155,154,,,,,,,1
44,5044,,,,K,Norway,,,,2008,Vestrheim,10.1128/JCM.02296-07,2006,,2006,,,0,6,0,1,2,,1,,,Penicillin,509,9,9,0,,,,,,1
44,5044,,,,K,Norway,,,,2008,Vestrheim,10.1128/JCM.02296-07,2006,,2006,,,0,6,0,1,2,,1,,,Erythromycin,509,30,30,479,,,,,,1
44,5044,,,,K,Norway,,,,2008,Vestrheim,10.1128/JCM.02296-07,2006,,2006,,,0,6,0,1,2,,1,,,Tetracycline,509,28,24,4,,,,,,1
44,5044,,,,K,Norway,,,,2008,Vestrheim,10.1128/JCM.02296-07,2006,,2006,,,0,6,0,1,2,,1,,,SXT,509,67,27,40,,,,,,1
45,5045,,,,K,Turkey,,,,2009,Torun,PMID: 19172078,2008,,2008,,,6,10,0,1,4,,1,,,Penicillin,96,24,7,17,,25,7,18,75,0
45,5045,,,,K,Turkey,,,,2009,Torun,PMID: 19172078,2008,,2008,,,6,10,0,1,4,,1,,,Erythromycin,96,49,40,0,,42,42,0,58,0
45,5045,,,,K,Turkey,,,,2009,Torun,PMID: 19172078,2008,,2008,,,6,10,0,1,4,,1,,,Cefotaxime,96,26,7,19,,27.5,7.5,20,72.5,0
45,5045,,,,K,Turkey,,,,2009,Torun,PMID: 19172078,2008,,2008,,,6,10,0,1,4,,1,,,Tetracycline,96,39,29,10,,40,30,10,64,0
45,5045,,,,K,Turkey,,,,2009,Torun,PMID: 19172078,2008,,2008,,,6,10,0,1,4,,1,,,SXT,96,51,7,44,,53,7.5,45.5,47,0
46,5046,a,1999,,K,France,,,,2008,Dunais,10.1097/INF.0b013e31817bb8cf,1996,,1996,,,0,3,0,1,4,,2,,,Penicillin,162,102,0,0,,63,,,,0
46,5046,b,2006,,K,France,,,,2008,Dunais,10.1097/INF.0b013e31817bb8cf,2006,,2006,,,0,3,0,1,4,,2,,,Penicillin,171,58,17,41,,34,10,24,,0
46,5046,a,1999,,K,France,,,,2008,Dunais,10.1097/INF.0b013e31817bb8cf,1996,,1996,,,0,3,0,1,4,,2,,,Ceftriaxone,162,0,0,,,,,,,0
46,5046,b,2006,,K,France,,,,2008,Dunais,10.1097/INF.0b013e31817bb8cf,2006,,2006,,,0,3,0,1,4,,2,,,Ceftriaxone,171,0,0,,,,,,,0
47,5047,,,,K,Turkey,,,,2008,Ozdemir,10.1016/j.jinf.2008.02.010,2003,November,2004,February,,0,5,0,1,1,2,1,,,Penicillin,118,18,8,10,100,,,,,0
48,5048,,,,K,Brazil,,,,2009,Mantese,10.2223/JPED.1950,1999,April,2008,December,,0,5,1,2,7,,4,,,Penicillin,142,,14,,,,,,,0
48,5048,,,,K,Brazil,,,,2009,Mantese,10.2223/JPED.1950,1999,April,2008,December,,0,5,1,2,7,,4,,,SXT,142,113,,,,79.5,,,,0
48,5048,,,,K,Brazil,,,,2009,Mantese,10.2223/JPED.1950,1999,April,2008,December,,0,5,1,2,7,,4,,,Erythromycin,142,16,,,,11.3,,,,0
48,5048,,,,K,Brazil,,,,2009,Mantese,10.2223/JPED.1950,1999,April,2008,December,,0,5,1,2,7,,4,,,Ceftriaxone,142,8,,,,5.6,,,,0
49,5049,,,,K,Bangladesh,,,,2007,Brooks,PMID: 17984328,2004,April,2006,March,,0,5,1,2,2,,1,,,Penicillin,34,1,0,1,33,,,,,0
49,5049,,,,K,Bangladesh,,,,2007,Brooks,PMID: 17984328,2004,April,2006,March,,0,5,1,2,2,,1,,,SXT,34,29,28,1,5,,,,,0
49,5049,,,,K,Bangladesh,,,,2007,Brooks,PMID: 17984328,2004,April,2006,March,,0,5,1,2,2,,1,,,Ceftriaxone,34,0,0,0,34,,,,,0
49,5049,,,,K,Bangladesh,,,,2007,Brooks,PMID: 17984328,2004,April,2006,March,,0,5,1,2,2,,1,,,Erythromycin,34,,2,5,22,,,,,0
50,5050,a,2005,,K,Greece,,,,2008,Grivea,10.1097/INF.0b013e318168d28a,2005,,2005,,,1,7,0,1,2,,1,,,Penicillin,384,113,41,72,,,,,,0
50,5050,a,2005,,K,Greece,,,,2008,Grivea,10.1097/INF.0b013e318168d28a,2005,,2005,,,1,7,0,1,2,,1,,,Cefotaxime,384,25,19,6,,,,,,0
50,5050,b,2006,,K,Greece,,,,2008,Grivea,10.1097/INF.0b013e318168d28a,2006,,2006,,,1,7,0,1,2,,1,,,Penicillin,211,75,25,50,,,,,,0
50,5050,b,2006,,K,Greece,,,,2008,Grivea,10.1097/INF.0b013e318168d28a,2006,,2006,,,1,7,0,1,2,,1,,,Cefotaxime,211,16,12,4,,,,,,0
50,5050,c,2007,,K,Greece,,,,2008,Grivea,10.1097/INF.0b013e318168d28a,2007,,2007,,,1,7,0,1,2,,1,,,Penicillin,272,78,3,75,,,,,,0
50,5050,c,2006,,K,Greece,,,,2008,Grivea,10.1097/INF.0b013e318168d28a,2007,,2007,,,1,7,0,1,2,,1,,,Cefotaxime,272,7,1,6,,,,,,0
51,5051,,,,K,Estonia,,,,2007,Tamm,10.1111/j.1469-0691.2007.01743.x,2001,,2002,,,0,4,0,1,1,2,4,,,SXT,299,200,200,,,,67,,,0
52,5052,,,,K,England,London,,,2006,Roche,10.1136/adc.2007.126359,2003,March,2003,November,,0,5,0,1,1,,4,,,Penicillin,120,0,0,,,,,,,0
52,5052,,,,K,England,London,,,2006,Roche,10.1136/adc.2007.126359,2003,March,2003,November,,0,5,0,1,1,,4,,,Erythromycin,120,,21,,,,,,,0
53,5053,,,,K,Mexico,,,,2007,Espinosa-de los Monteros ,10.1590/s0036-36342007000400004,2002,September,2002,December,,0,5,0,1,3,,1,,,Penicillin,829,528,1,410,301,,,,,1
54,5054,,,,K,Kenya,,,,2007,Nyandiko,PMID: 17894249,2003,March,2003,July,,0,4,0,1,1,,1,,,Erythromycin,27,0,0,0,27,,,,,0
54,5054,,,,K,Kenya,,,,2007,Nyandiko,PMID: 17894249,2003,March,2003,July,,0,4,0,1,1,,1,,,Penicillin,25,15,13,2,10,,,,,0
54,5054,,,,K,Kenya,,,,2007,Nyandiko,PMID: 17894249,2003,March,2003,July,,0,4,0,1,1,,1,,,SXT,27,22,21,1,27,,,,,0
55,5055,,,,K,United States ,,,,2008,Steenhoff,10.1097/INF.0b013e3181734f8f,1989,,2006,,,0,16,1,2,2,3,1,,,Penicillin,21,4,,,,,,,,0
55,5055,,,,K,United States ,,,,2008,Steenhoff,10.1097/INF.0b013e3181734f8f,1989,,2006,,,0,16,1,2,2,3,1,,,SXT,18,6,,,,,,,,0
56,5056,a,2003,,K,Australia,,,,2009,Leach,10.1186/1471-2334-9-121,2003,,2003,,,0,5,0,1,1,2,4,,,Penicilin,740,126,,,,17,,,,0
56,5056,a,2003,,K,Australia,,,,2009,Leach,10.1186/1471-2334-9-121,2003,,2003,,,0,5,0,1,1,2,4,,,Azithromycn,740,37,37,,,,5,,,0
56,5056,b,2005,,K,Australia,,,,2009,Leach,10.1186/1471-2334-9-121,2005,,2005,,,0,5,0,1,1,2,4,,,Penicillin,622,87,,,,14,,,,0
56,5056,b,2005,,K,Australia,,,,2009,Leach,10.1186/1471-2334-9-121,2005,,2005,,,0,5,0,1,1,2,4,,,Azithromycn,622,37,37,,,,6,,,0
57,5057,,,,K,Portugal,,,,2009,Rodrigues,10.1089/mdr.2009.0043,2007,January,2007,February,,0,6,0,1,2,,1,,,Penicillin,305,48,4,44,,,,,,1
57,5057,,,,K,Portugal,,,,2009,Rodrigues,10.1089/mdr.2009.0043,2007,January,2007,February,,0,6,0,1,2,,1,,,Cefotaxime,305,24,2,22,,,,,,1
57,5057,,,,K,Portugal,,,,2009,Rodrigues,10.1089/mdr.2009.0043,2007,January,2007,February,,0,6,0,1,2,,1,,,SXT,305,,31,,,,,,,1
57,5057,,,,K,Portugal,,,,2009,Rodrigues,10.1089/mdr.2009.0043,2007,January,2007,February,,0,6,0,1,2,,1,,,Erythromycin,305,,48,,,,,,,1
57,5057,,,,K,Portugal,,,,2009,Rodrigues,10.1089/mdr.2009.0043,2007,January,2007,February,,0,6,0,1,2,,1,,,Tetracycline,305,,35,,,,,,,1
58,5058,,,,K,Saudi Arabia,,,,2008,Shibl,10.1111/j.1469-0691.2008.02058.x,2000,,2004,,,0,5,1,2,2,,1,,,Penicillin,350,189,42,147,161,,,,,1
58,5058,,,,K,Saudi Arabia,,,,2008,Shibl,10.1111/j.1469-0691.2008.02058.x,2000,,2004,,,0,5,1,2,2,,1,,,Erythromycin,350,,81,,,,,,,1
58,5058,,,,K,Saudi Arabia,,,,2008,Shibl,10.1111/j.1469-0691.2008.02058.x,2000,,2004,,,0,5,1,2,2,,1,,,Cefotaxime,350,,21,,,,,,,1
59,5059,,,,K,Turkey,,,,2007,Aslan,PMID: 17598946,2003,April,2004,March,,6,13,0,1,1,2,1,,,Penicillin,201,26,2,24,,,,,,0
60,5060,,,,K,Brazil,,,,2009,Velasquez,10.2223/JPED.1949,2008,April,2008,October,,0,18,0,1,1,2,1,,,Penicillin,92,53,21,32,39,,,,,0
60,5060,,,,K,Brazil,,,,2009,Velasquez,10.2223/JPED.1949,2008,April,2008,October,,0,18,0,1,1,2,1,,,SXT,92,,67,,,,,,,0
60,5060,,,,K,Brazil,,,,2009,Velasquez,10.2223/JPED.1949,2008,April,2008,October,,0,18,0,1,1,2,1,,,Erythromycin,92,,8,,,,,,,0
60,5060,,,,K,Brazil,,,,2009,Velasquez,10.2223/JPED.1949,2008,April,2008,October,,0,18,0,1,1,2,1,,,Tetracycline,92,,6,,,,,,,0
61,5061,,,,K,Spain,,,,2008,Sanchez-Tatay,10.1111/j.1469-0691.2008.02025.x,2005,January,2006,June,,0,6,0,1,4,,1,,,Penicillin,194,60,6,54,,31,3,28,,0
61,5061,,,,K,Spain,,,,2008,Sanchez-Tatay,10.1111/j.1469-0691.2008.02025.x,2005,January,2006,June,,0,6,0,1,4,,1,,,Erythromycin,194,72,,,,37,,,,0
62,5062,a,invasive,,K,Philippines,,,,2008,Sombrero,10.1007/s10096-008-0524-4,1994,April,2000,June,,0,18,1,2,1,,1,,,Penicillin,35,4,,,,,,,,0
62,5062,b,carriage,,K,Philippines,,,,2008,Sombrero,10.1007/s10096-008-0524-4,1994,April,2000,June,,0,18,0,1,1,,1,,,Penicillin,1013,38,,,,,,,,0
62,5062,b,carriage,,K,Philippines,,,,2008,Sombrero,10.1007/s10096-008-0524-4,1994,April,2000,June,,0,18,0,1,1,,1,,,Erythromycin,1013,,3,,,,,,,0
62,5062,b,carriage,,K,Philippines,,,,2008,Sombrero,10.1007/s10096-008-0524-4,1994,April,2000,June,,0,18,0,1,1,,1,,,Tetracycline,1013,,37,,,,,,,0
62,5062,b,carriage,,K,Philippines,,,,2008,Sombrero,10.1007/s10096-008-0524-4,1994,April,2000,June,,0,18,0,1,1,,1,,,SXT,1013,,4,,,,,,,0
62,5062,a,invasive,,K,Philippines,,,,2008,Sombrero,10.1007/s10096-008-0524-4,1994,April,2000,June,,0,18,1,2,1,,1,,,Tetracycline,35,,2,,,,,,,0
63,5063,,,,K,Greece,,,,2009,Katsarolis,10.1186/1471-2334-9-120,2004,February,2004,May,,2,6,0,1,1,,1,,,Penicillin,746,260,105,,,34.8,14.1,,,0
63,5063,,,,K,Greece,,,,2009,Katsarolis,10.1186/1471-2334-9-120,2004,February,2004,May,,2,6,0,1,1,,1,,,Ceftriaxone,746,10,1,,,1.3,0.1,,,0
63,5063,,,,K,Greece,,,,2009,Katsarolis,10.1186/1471-2334-9-120,2004,February,2004,May,,2,6,0,1,1,,1,,,Erythromycin,746,252,246,,,33.8,33,,,0
63,5063,,,,K,Greece,,,,2009,Katsarolis,10.1186/1471-2334-9-120,2004,February,2004,May,,2,6,0,1,1,,1,,,SXT,746,327,188,,,43.8,25.2,,,0
63,5063,,,,K,Greece,,,,2009,Katsarolis,10.1186/1471-2334-9-120,2004,February,2004,May,,2,6,0,1,1,,1,,,Tetracycline,746,196,185,,,26.3,24.8,,,0
64,5064,,,,K,Turkey,,,,2008,Bayer,PMID: 18697420,2003,April,2004,March,,6,13,0,1,1,2,1,,,Penicillin,175,26,2,24,,,,,,0
64,5064,,,,K,Turkey,,,,2008,Bayer,PMID: 18697420,2003,April,2004,March,,6,13,0,1,1,2,1,,,SXT,175,53,53,,,,30,,,0
64,5064,,,,K,Turkey,,,,2008,Bayer,PMID: 18697420,2003,April,2004,March,,6,13,0,1,1,2,1,,,Erythromycin,175,7,7,,,,4,,,0
64,5064,,,,K,Turkey,,,,2008,Bayer,PMID: 18697420,2003,April,2004,March,,6,13,0,1,1,2,1,,,Ceftiaxone,175,0,0,,,,,,,0
65,5065,,,,K,Greece,,,,2007,Poulakou,10.1016/j.ijantimicag.2007.03.011,2004,,2006,,,0,6,0,1,1,,2,,,Penicillin,780,271,112,159,,,,,,0
65,5065,,,,K,Greece,,,,2007,Poulakou,10.1016/j.ijantimicag.2007.03.011,2004,,2006,,,0,6,0,1,1,,2,,,Ceftriaxone,780,8,1,7,,,,,,0
65,5065,,,,K,Greece,,,,2007,Poulakou,10.1016/j.ijantimicag.2007.03.011,2004,,2006,,,0,6,0,1,1,,2,,,Erythromycin,780,261,,,,,,,,0
65,5065,,,,K,Greece,,,,2007,Poulakou,10.1016/j.ijantimicag.2007.03.011,2004,,2006,,,0,6,0,1,1,,2,,,Tetracycline,780,206,,,,,,,,0
65,5065,,,,K,Greece,,,,2007,Poulakou,10.1016/j.ijantimicag.2007.03.011,2004,,2006,,,0,6,0,1,1,,2,,,SXT,780,345,,,,,,,,0
66,5066,,,,K,Turkey,,,,2007,Uzuner,PMID: 18246737,2004,February,2004,March,,0,5,0,1,1,2,1,,,Erythromycin,94,18,17,1,,,,,,0
66,5066,,,,K,Turkey,,,,2007,Uzuner,PMID: 18246737,2004,February,2004,March,,0,5,0,1,1,2,1,,,SXT,91,51,46,5,,,,,,0
66,5066,,,,K,Turkey,,,,2007,Uzuner,PMID: 18246737,2004,February,2004,March,,0,5,0,1,1,2,1,,,Penicillin,68,44,6,38,,,,,,0
66,5066,,,,K,Turkey,,,,2007,Uzuner,PMID: 18246737,2004,February,2004,March,,0,5,0,1,1,2,1,,,Tetracycline,94,18,18,,,,,,,0
67,5067,,,,K,India,,,,2007,Wattal,10.1007/s12098-007-0166-z,2006,,2006,,,0,3,0,1,1,2,1,,,Penicillin,13,2,0,2,,,,,,0
67,5067,,,,K,India,,,,2007,Wattal,10.1007/s12098-007-0166-z,2006,,2006,,,0,3,0,1,1,2,1,,,SXT,13,13,13,,,,,,,0
67,5067,,,,K,India,,,,2007,Wattal,10.1007/s12098-007-0166-z,2006,,2006,,,0,3,0,1,1,2,1,,,Erythromycin,13,1,1,,,,,,,0
67,5067,,,,K,India,,,,2007,Wattal,10.1007/s12098-007-0166-z,2006,,2006,,,0,3,0,1,1,2,1,,,Cefotaxime,13,0,0,,,,,,,0
68,5068,,,,K,Peru,,,,2013,Torres,PMID: 24448932,2007,,2009,,,0,2,0,1,1,,4,,,SXT,572,332,332,,,,58,,,0
68,5068,,,,K,Peru,,,,2013,Torres,PMID: 24448932,2007,,2009,,,0,2,0,1,1,,4,,,Penicillin,572,299,,,,52.2,,,,0
68,5068,,,,K,Peru,,,,2013,Torres,PMID: 24448932,2007,,2009,,,0,2,0,1,1,,4,,,Tetracycline,572,166,166,,,,29.1,,,0
68,5068,,,,K,Peru,,,,2013,Torres,PMID: 24448932,2007,,2009,,,0,2,0,1,1,,4,,,Erythromycin,572,150,150,,,,26.3,,,0
69,5069,,,,K,Japan,,,,2008,Ishiwada,10.1016/j.jinf.2008.09.029,2003,,2005,,,0,5,1,2,3,,4,,,Penicillin,115,74,25,49,,,,,,0
70,5070,,,,K,China,,,,2010,Liu,PMID: 20426931,2004,January,2009,June,,0,12,1,2,4,,4,,,Penicillin,55,40,23,17,,,41,30,,0
70,5070,,,,K,China,,,,2010,Liu,PMID: 20426931,2004,January,2009,June,,0,12,1,2,4,,4,,,Erythromycin,55,52,52,0,,,94,,,0
70,5070,,,,K,China,,,,2010,Liu,PMID: 20426931,2004,January,2009,June,,0,12,1,2,4,,4,,,Ceftoxamine,55,12,12,0,,,22,,,0
71,5071,,,,K,Venezuela,,,,2007,Rivera-Olivero,10.1086/522984,2004,April,2005,January,,0,6,0,1,3,,1,,,Penicillin,161,161,21,140,,,13,87,,0
71,5071,,,,K,Venezuela,,,,2007,Rivera-Olivero,10.1086/522984,2004,April,2005,January,,0,6,0,1,3,,1,,,Tetracycline,161,18,,,,11.2,,,,0
71,5071,,,,K,Venezuela,,,,2007,Rivera-Olivero,10.1086/522984,2004,April,2005,January,,0,6,0,1,3,,1,,,Erythromycin,161,17,,,,10.6,,,,0
72,5072,a,2016,,K,Belgium,,,,2020,Wouters,10.2807/1560-7917.ES.2020.25.5.1900303,2016,,2016,,,0,4,0,1,1,2,1,,,Penicillin,463,62,,,,,,,,0
72,5072,b,2016-2017,,K,Belgium,,,,2020,Wouters,10.2807/1560-7917.ES.2020.25.5.1900303,2016,,2017,,,0,4,0,1,1,2,1,,,Penicillin,609,117,,,,,,,,1
72,5072,c,2017-2018,,K,Belgium,,,,2020,Wouters,10.2807/1560-7917.ES.2020.25.5.1900303,2017,,2018,,,0,4,0,1,1,2,1,,,Penicillin,666,123,,,,,,,,1
72,5072,a,2016,,K,Belgium,,,,2020,Wouters,10.2807/1560-7917.ES.2020.25.5.1900303,2016,,2016,,,0,4,0,1,1,2,1,,,Erythromycin,463,80,,,,,,,,1
72,5072,b,2016-2017,,K,Belgium,,,,2020,Wouters,10.2807/1560-7917.ES.2020.25.5.1900303,2016,,2017,,,0,4,0,1,1,2,1,,,Erythromycin,608,98,,,,,,,,1
72,5072,c,2017-2018,,K,Belgium,,,,2020,Wouters,10.2807/1560-7917.ES.2020.25.5.1900303,2017,,2018,,,0,4,0,1,1,2,1,,,Erythromycin,664,146,,,,,,,,1
72,5072,a,2016,,K,Belgium,,,,2020,Wouters,10.2807/1560-7917.ES.2020.25.5.1900303,2016,,2016,,,0,4,0,1,1,2,1,,,Tetracycline,463,54,,,,,,,,1
72,5072,b,2016-2017,,K,Belgium,,,,2020,Wouters,10.2807/1560-7917.ES.2020.25.5.1900303,2016,,2017,,,0,4,0,1,1,2,1,,,Tetracycline,610,77,,,,,,,,1
72,5072,c,2017-2018,,K,Belgium,,,,2020,Wouters,10.2807/1560-7917.ES.2020.25.5.1900303,2017,,2018,,,0,4,0,1,1,2,1,,,Tetracycline,666,133,,,,,,,,1
72,5072,a,2016,,K,Belgium,,,,2020,Wouters,10.2807/1560-7917.ES.2020.25.5.1900303,2016,,2016,,,0,4,0,1,1,2,1,,,SXT,463,163,,,,,,,,1
72,5072,b,2016-2017,,K,Belgium,,,,2020,Wouters,10.2807/1560-7917.ES.2020.25.5.1900303,2016,,2017,,,0,4,0,1,1,2,1,,,SXT,610,246,,,,,,,,1
72,5072,c,2017-2018,,K,Belgium,,,,2020,Wouters,10.2807/1560-7917.ES.2020.25.5.1900303,2017,,2018,,,0,4,0,1,1,2,1,,,SXT,666,202,,,,,,,,1
73,5073,,,,K,Australia,,,,2020,Hernstadt,10.1097/INF.0000000000002489,2011,January,2017,May,,0,18,1,2,1,2,1,,,Erythromycin,75,10,10,,,,,,,0
73,5073,,,,K,Australia,,,,2020,Hernstadt,10.1097/INF.0000000000002489,2011,January,2017,May,,0,18,1,2,1,2,1,,,Penicillin,77,12,,,65,,,,,0
73,5073,,,,K,Australia,,,,2020,Hernstadt,10.1097/INF.0000000000002489,2011,January,2017,May,,0,18,1,2,1,2,1,,,Ceftriaxone,83,8,8,,,,,,,0
74,5074,,,,K,Russia,,,,2020,Jensen,10.1186/s12879-020-04998-5,2006,,2006,,,0,7,0,1,1,2,2,,,Penicillin,168,10,,,,,,,,1
74,5074,,,,K,Russia,,,,2020,Jensen,10.1186/s12879-020-04998-5,2006,,2006,,,0,7,0,1,1,2,2,,,Erythromycin,168,8,,,,,,,,1
74,5074,,,,K,Russia,,,,2020,Jensen,10.1186/s12879-020-04998-5,2006,,2006,,,0,7,0,1,1,2,2,,,SXT,168,121,,,,,,,,1
74,5074,,,,K,Russia,,,,2020,Jensen,10.1186/s12879-020-04998-5,2006,,2006,,,0,7,0,1,1,2,2,,,Tetracycline,168,31,,,,,,,,1
75,5075,,,,K,Angola,,,,2020,Udden,10.1016/j.vaccine.2020.10.060,2017,November,2017,December,,4,12,0,1,1,2,2,,,Penicillin,325,130,,130,195,,,,,0
75,5075,,,,K,Angola,,,,2020,Udden,10.1016/j.vaccine.2020.10.060,2017,November,2017,December,,4,12,0,1,1,2,2,,,Erythromycin,325,3,2,1,322,,,,,0
75,5075,,,,K,Angola,,,,2020,Udden,10.1016/j.vaccine.2020.10.060,2017,November,2017,December,,4,12,0,1,1,2,2,,,Tetracycline,325,68,56,12,257,,,,,0
75,5075,,,,K,Angola,,,,2020,Udden,10.1016/j.vaccine.2020.10.060,2017,November,2017,December,,4,12,0,1,1,2,2,,,SXT,325,268,262,6,57,,,,,0
76,5076,,,,K,Sri Lanka,,,,2020,Vidanapathirana,10.1016/j.vaccine.2020.09.040,2017,October,2018,November,,0,1,0,1,1,3,1,,,Penicillin,143,6,0,5,138,,,,,0
76,5076,,,,K,Sri Lanka,,,,2020,Vidanapathirana,10.1016/j.vaccine.2020.09.040,2017,October,2018,November,,0,1,0,1,1,3,1,,,Cefotaxime,143,14,3,11,129,,,,,0
76,5076,,,,K,Sri Lanka,,,,2020,Vidanapathirana,10.1016/j.vaccine.2020.09.040,2017,October,2018,November,,0,1,0,1,1,3,1,,,Tetracycline,143,64,60,4,79,,,,,0
76,5076,,,,K,Sri Lanka,,,,2020,Vidanapathirana,10.1016/j.vaccine.2020.09.040,2017,October,2018,November,,0,1,0,1,1,3,1,,,Erythromycin,143,90,87,3,53,,,,,0
77,5077,,,,K,Iran,,,,2018,Pourakbari,10.2174/1871526517666170821164343,2011,March,2016,September,,0,18,1,2,1,,1,,,Erythromycin,91,,59,,,,,,,0
77,5077,,,,K,Iran,,,,2018,Pourakbari,10.2174/1871526517666170821164343,2011,March,2016,September,,0,18,1,2,1,,1,,,SXT,33,,28,,,,,,,0
78,5078,,,,K,Mozambique,,,,2007,Sigauque,10.1016/j.actatropica.2007.01.006,1998,June,2003,November,,0,15,1,2,1,,1,,,Penicillin,26,5,,,,,,,,0
79,5079,,,,K,China,,,,2020,Zhao,10.2147/IDR.S256663,2016,April,2017,October,,0,18,1,2,4,,1,,,Penicillin,140,117,117,,,,83.6,,,0
79,5079,,,,K,China,,,,2020,Zhao,10.2147/IDR.S256663,2016,April,2017,October,,0,18,1,2,4,,1,,,Ceftriaxone,140,21,21,,,,15,,,0
79,5079,,,,K,China,,,,2020,Zhao,10.2147/IDR.S256663,2016,April,2017,October,,0,18,1,2,4,,1,,,Erythromycin,140,137,137,,,,97.9,,,0
79,5079,,,,K,China,,,,2020,Zhao,10.2147/IDR.S256663,2016,April,2017,October,,0,18,1,2,4,,1,,,SXT,140,6,6,,,,4.3,,,0
79,5079,,,,K,China,,,,2020,Zhao,10.2147/IDR.S256663,2016,April,2017,October,,0,18,1,2,4,,1,,,Tetracycline,140,132,132,,,,94.3,,,0
80,5080,a,period 1,,K,Japan,,,,2014,Okade,10.1016/j.jiac.2014.03.010,2008,June,2009,April,,0,15,0,1,3,,1,,,Amoxicillin,136,3,,,,2.2,,,97.8,1
80,5080,b,period2,,K,Japan,,,,2014,Okade,10.1016/j.jiac.2014.03.010,2009,September,2010,April,,0,15,0,1,3,,1,,,Amoxicillin,191,1,,,,0.5,,,99.5,1
80,5080,c,period3,,K,Japan,,,,2014,Okade,10.1016/j.jiac.2014.03.010,2010,September,2011,March,,0,15,0,1,3,,1,,,Amoxicillin,126,1,,,,0.8,,,99.2,1
80,5080,d,period4,,K,Japan,,,,2014,Okade,10.1016/j.jiac.2014.03.010,2011,October,2012,March,,0,15,0,1,3,,1,,,Amoxicillin,111,1,,,,0.9,,,99.1,1
80,5080,b,period2,,K,Japan,,,,2014,Okade,10.1016/j.jiac.2014.03.010,2009,September,2010,April,,0,15,0,1,3,,1,,,Azithromycn,191,187,,,,97.9,,,2.1,1
80,5080,c,period3,,K,Japan,,,,2014,Okade,10.1016/j.jiac.2014.03.010,2010,September,2011,March,,0,15,0,1,3,,1,,,Azithromycn,126,120,,,,95.2,,,4.8,1
80,5080,d,period4,,K,Japan,,,,2014,Okade,10.1016/j.jiac.2014.03.010,2011,October,2012,March,,0,15,0,1,3,,1,,,Azithromycn,111,107,,,,96.4,,,3.6,1
81,5081,,,,B,Japan,,,,2020,Kawaguchiya,10.1016/j.jiph.2020.04.012,2018,7,2019,1,,0,16,0,1,3,,1,,,Penicillin,460,172,10,162,288,0.373913044,0.02173913,0.352173913,0.626086957,0
81,5081,,,,B,Japan,,,,2020,Kawaguchiya,10.1016/j.jiph.2020.04.012,2018,7,2019,1,,0,16,0,1,3,,1,,,Erythromycin,460,393,388,5,67,0.854347826,0.843478261,0.010869565,0.145652174,0
81,5081,,,,B,Japan,,,,2020,Kawaguchiya,10.1016/j.jiph.2020.04.012,2018,7,2019,1,,0,16,0,1,3,,1,,,Tetracycline,460,390,383,7,70,0.847826087,0.832608696,0.015217391,0.152173913,0
81,5081,,,,B,Japan,,,,2020,Kawaguchiya,10.1016/j.jiph.2020.04.012,2018,7,2019,1,,0,16,0,1,3,,1,,,Clindamycin,460,297,287,10,163,0.645652174,0.623913044,0.02173913,0.354347826,0
81,5081,,,,B,Japan,,,,2020,Kawaguchiya,10.1016/j.jiph.2020.04.012,2018,7,2019,1,,0,16,0,1,3,,1,,,SXT,460,173,19,154,287,0.376086957,0.041304348,0.334782609,0.623913044,0
81,5081,,,,B,Japan,,,,2020,Kawaguchiya,10.1016/j.jiph.2020.04.012,2018,7,2019,1,,0,16,0,1,3,,1,,,Ceftriaxone,460,8,1,7,452,0.017391304,0.002173913,0.015217391,0.982608696,0
81,5081,,,,B,Japan,,,,2020,Kawaguchiya,10.1016/j.jiph.2020.04.012,2018,7,2019,1,,0,16,0,1,3,,1,,,Cefaclor,460,162,144,18,298,0.352173913,0.313043478,0.039130435,0.647826087,0
81,5081,,,,B,Japan,,,,2020,Kawaguchiya,10.1016/j.jiph.2020.04.012,2018,7,2019,1,,0,16,0,1,3,,1,,,Imipenem,460,9,2,7,451,0.019565217,0.004347826,0.015217391,0.980434783,0
81,5081,,,,B,Japan,,,,2020,Kawaguchiya,10.1016/j.jiph.2020.04.012,2018,7,2019,1,,0,16,0,1,3,,1,,,Levofloxacin,460,2,2,0,458,0.004347826,0.004347826,0,0.995652174,0
82,5082,,,,B,Vietnam,,,,2020,Dai,10.1093/jac/dkaa276,2014,7,2015,11,,1,1,0,1,2,,1,,,Penicillin,218,204,85,119,14,0.935779817,0.389908257,0.54587156,0.064220183,0
82,5082,,,,B,Vietnam,,,,2020,Dai,10.1093/jac/dkaa276,2014,7,2015,11,,1,1,0,1,2,,1,,,Ceftriaxone,218,7,1,6,211,0.032110092,0.004587156,0.027522936,0.967889908,0
82,5082,,,,B,Vietnam,,,,2020,Dai,10.1093/jac/dkaa276,2014,7,2015,11,,1,1,0,1,3,,1,,,Erythromycin,234,219,219,0,15,0.935897436,0.935897436,0,0.064102564,0
82,5082,,,,B,Vietnam,,,,2020,Dai,10.1093/jac/dkaa276,2014,7,2015,11,,1,1,0,1,3,,1,,,SXT,234,205,200,5,29,0.876068376,0.854700855,0.021367521,0.123931624,0
82,5082,,,,B,Vietnam,,,,2020,Dai,10.1093/jac/dkaa276,2014,7,2015,11,,1,1,0,1,3,,1,,,Clindamycin,234,194,194,0,39,0.829059829,0.829059829,0,0.166666667,0
82,5082,,,,B,Vietnam,,,,2020,Dai,10.1093/jac/dkaa276,2014,7,2015,11,,1,1,0,1,3,,1,,,Vancomycin,234,0,0,0,234,0,0,0,1,0
82,5082,,,,B,Vietnam,,,,2020,Dai,10.1093/jac/dkaa276,2014,7,2015,11,,1,1,0,1,3,,1,,,Tetracycline,234,185,177,8,49,0.790598291,0.756410256,0.034188034,0.209401709,0
82,5082,,,,B,Vietnam,,,,2020,Dai,10.1093/jac/dkaa276,2014,7,2015,11,,1,1,0,1,3,,1,,,Chloramphenicol,234,66,66,0,168,0.282051282,0.282051282,0,0.717948718,0
83,5083,,,,B,Angola,,,,2020,Pelkonen,10.1016/j.ijid.2020.06.016,2016,2,2017,10,,0,1.5,1,2,1,,1,,,Penicillin,14,3,,,11,0.214285714,,,0.785714286,0
83,5083,,,,B,Angola,,,,2020,Pelkonen,10.1016/j.ijid.2020.06.016,2016,2,2017,10,,0,1.5,1,2,1,,1,,,Chloramphenicol,14,5,,,9,0.357142857,,,0.642857143,0
83,5083,,,,B,Angola,,,,2020,Pelkonen,10.1016/j.ijid.2020.06.016,2016,2,2017,10,,0,1.5,1,2,1,,1,,,Ciprofloxacin,1,0,,,1,0,,,1,0
84,5084,,,,B,South Africa,,,,2020,Manenzhe,10.3389/fpubh.2020.543898,2012,,2013,,,0,18,0,1,1,,1,,,Penicillin,159,29,,,130,0.182389937,,,0.817610063,0
84,5084,,,,B,South Africa,,,,2020,Manenzhe,10.3389/fpubh.2020.543898,2012,,2013,,,0,18,0,1,1,,1,,,Erythromycin,159,28,,,131,0.176100629,,,0.823899371,0
84,5084,,,,B,South Africa,,,,2020,Manenzhe,10.3389/fpubh.2020.543898,2012,,2013,,,0,18,0,1,1,,1,,,SXT,159,98,,,61,0.616352201,,,0.383647799,0
85,5085,a,2013,,B,Taiwan,,,,2020,Tsai,10.1371/journal.pone.0237871,2013,3,2013,12,,0,3,0,1,2,,1,,,Penicillin,9,9,4,5,0,1,0.444444444,0.555555556,0,1
85,5085,b,2014,,B,Taiwan,,,,2020,Tsai,10.1371/journal.pone.0237871,2014,1,2014,12,,0,3,0,1,2,,1,,,Penicillin,7,7,6,1,0,1,0.857142857,0.142857143,0,1
85,5085,c,2015,,B,Taiwan,,,,2020,Tsai,10.1371/journal.pone.0237871,2015,1,2015,12,,0,3,0,1,2,,1,,,Penicillin,24,24,6,18,0,1,0.25,0.75,0,1
85,5085,d,2016,,B,Taiwan,,,,2020,Tsai,10.1371/journal.pone.0237871,2016,1,2016,12,,0,3,0,1,2,,1,,,Penicillin,17,17,3,14,0,1,0.176470588,0.823529412,0,1
85,5085,e,2017,,B,Taiwan,,,,2020,Tsai,10.1371/journal.pone.0237871,2017,1,2017,12,,0,3,0,1,2,,1,,,Penicillin,25,25,0,25,0,1,0,1,0,1
86,5086,,,,B,Malaysia,,,,2020,Goh,10.1080/20477724.2020.1719325,2013,,2015,,,0,12,0,1,3,,1,,,Penicillin,3,3,0,3,0,1,0,1,0,1
87,5087,,,,B,Turkey,,,,2020,Ustundag,10.1080/21645515.2020.1817716,2019,,2019,,,0.75,8.917,1,2,1,,1,,,Penicillin,9,4,3,1,5,0.444444444,0.333333333,0.111111111,0.555555556,0
88,5088,,,,B,Egypt,,,,2020,El-Kholy,10.2147/IDR.S250315,2015,12,2017,3,,0.5,5,0,1,1,,1,,,Ampicillin,110,74,,,36,0.672727273,,,0.327272727,0
88,5088,,,,B,Egypt,,,,2020,El-Kholy,10.2147/IDR.S250315,2015,12,2017,3,,0.5,5,0,1,1,,1,,,Vancomycin,110,0,,,110,0,,,1,0
88,5088,,,,B,Egypt,,,,2020,El-Kholy,10.2147/IDR.S250315,2015,12,2017,3,,0.5,5,0,1,1,,1,,,Linezolid,110,0,,,110,0,,,1,0
88,5088,,,,B,Egypt,,,,2020,El-Kholy,10.2147/IDR.S250315,2015,12,2017,3,,0.5,5,0,1,1,,1,,,Tetracycline,110,74,,,36,0.672727273,,,0.327272727,0
88,5088,,,,B,Egypt,,,,2020,El-Kholy,10.2147/IDR.S250315,2015,12,2017,3,,0.5,5,0,1,1,,1,,,Clindamycin,110,30,,,80,0.272727273,,,0.727272727,0
88,5088,,,,B,Egypt,,,,2020,El-Kholy,10.2147/IDR.S250315,2015,12,2017,3,,0.5,5,0,1,1,,1,,,Erythromycin,110,49,,,61,0.445454546,,,0.554545455,0
88,5088,,,,B,Egypt,,,,2020,El-Kholy,10.2147/IDR.S250315,2015,12,2017,3,,0.5,5,0,1,1,,1,,,Levofloxacin,110,10,,,100,0.090909091,,,0.909090909,0
88,5088,,,,B,Egypt,,,,2020,El-Kholy,10.2147/IDR.S250315,2015,12,2017,3,,0.5,5,0,1,1,,1,,,SXT,110,60,,,50,0.545454546,,,0.454545455,0
88,5088,,,,B,Egypt,,,,2020,El-Kholy,10.2147/IDR.S250315,2015,12,2017,3,,0.5,5,0,1,1,,1,,,Ceftriaxone,110,50,,,60,0.454545455,,,0.545454546,0
89,5089,,,,B,United States,,,,2019,Kaplan,10.1542/peds.2019-0567,2014,1,2017,12,,0,18,1,2,3,,1,,,Penicillin,444,157,20,137,287,0.353603604,0.045045045,0.308558559,0.646396396,0
89,5089,,,,B,United States,,,,2019,Kaplan,10.1542/peds.2019-0567,2014,1,2017,12,,0,18,1,2,3,,1,,,Ceftriaxone,433,36,,,397,0.083140878,,,0.916859122,0
90,5090,a,Algeria,,T,Algeria,,,,2008,Borg,10.1111/j.1469-0691.2008.02651.x,2003,1,2005,12,,0,4,1,2,2,,3,"70% CLSI, 30% Comite ́de l’Antibiogramme de la Socie ́te ́Franc ̧aise de Mi-crobiologie",,Penicillin,,23,,,,,,,,